{
  "meta": {
    "domain": "biography.gg",
    "started_at": "2025-09-07T00:14:35Z",
    "tool_versions": {
      "amass": "not found",
      "sublist3r": "not found",
      "nmap": "not found"
    },
    "notes": "Only assess systems you are authorized to test."
  },
  "hosts": [
    {
      "hostname": "api.biography.gg",
      "ips": [
        "216.24.57.251",
        "216.24.57.7"
      ],
      "ports": [
        {
          "port": 80,
          "protocol": "tcp",
          "state": "open",
          "service": null,
          "product": null,
          "version": null
        },
        {
          "port": 443,
          "protocol": "tcp",
          "state": "open",
          "service": null,
          "product": null,
          "version": null
        },
        {
          "port": 2082,
          "protocol": "tcp",
          "state": "open",
          "service": null,
          "product": null,
          "version": null
        },
        {
          "port": 2083,
          "protocol": "tcp",
          "state": "open",
          "service": null,
          "product": null,
          "version": null
        },
        {
          "port": 8080,
          "protocol": "tcp",
          "state": "open",
          "service": null,
          "product": null,
          "version": null
        },
        {
          "port": 8443,
          "protocol": "tcp",
          "state": "open",
          "service": null,
          "product": null,
          "version": null
        }
      ],
      "shodan": {}
    },
    {
      "hostname": "biography.gg",
      "ips": [
        "104.18.16.133",
        "104.18.17.133",
        "2606:4700::6812:1085",
        "2606:4700::6812:1185"
      ],
      "ports": [
        {
          "port": 80,
          "protocol": "tcp",
          "state": "open",
          "service": null,
          "product": null,
          "version": null
        },
        {
          "port": 443,
          "protocol": "tcp",
          "state": "open",
          "service": null,
          "product": null,
          "version": null
        },
        {
          "port": 2082,
          "protocol": "tcp",
          "state": "open",
          "service": null,
          "product": null,
          "version": null
        },
        {
          "port": 2083,
          "protocol": "tcp",
          "state": "open",
          "service": null,
          "product": null,
          "version": null
        },
        {
          "port": 8080,
          "protocol": "tcp",
          "state": "open",
          "service": null,
          "product": null,
          "version": null
        },
        {
          "port": 8443,
          "protocol": "tcp",
          "state": "open",
          "service": null,
          "product": null,
          "version": null
        }
      ],
      "shodan": {}
    }
  ]
}